{
  "test2": {
    "accuracy": 0.4,
    "precision": 0.6770559440448556,
    "recall": 0.6770559440448556,
    "f1_score": 0.6770559440448556
  }
}